variant,steps_millions,mean_pct,min_pct,max_pct
A,0.50,4.2,2.0,6.0
A,1.00,3.5,1.5,6.0
A,1.50,5.0,4.0,6.0
A,2.00,6.5,5.0,8.5
A,2.50,5.7,2.0,10.0
A,3.00,5.0,3.0,6.5
A,3.50,4.7,4.0,6.0
A,4.00,5.2,3.0,7.0
A,4.50,7.0,5.5,8.5
A,5.00,6.2,4.5,7.5
B,0.50,14.0,11.5,16.0
B,1.00,17.3,12.0,24.5
B,1.50,15.3,8.0,19.0
B,2.00,11.8,7.5,15.0
B,2.50,14.7,11.0,20.5
B,3.00,15.2,14.0,17.0
B,3.50,12.0,10.0,13.0
B,4.00,13.5,11.0,17.0
B,4.50,11.2,10.0,12.5
B,5.00,12.8,9.5,16.5
C,0.50,7.2,4.5,11.0
C,1.00,9.0,2.5,20.0
C,1.50,36.5,24.0,54.5
C,2.00,35.0,27.0,46.0
C,2.50,30.3,24.0,37.5
C,3.00,29.0,20.0,36.0
C,3.50,23.3,20.0,29.5
C,4.00,23.0,13.0,28.5
C,4.50,24.7,15.0,33.5
C,5.00,23.4,9.5,32.0
